"NATIONAL ID",NAME,EMAIL,PHONE,"DATE AND TIME"
LT22222222222,"Titas Narbutas",titulia@vel.lt,2147483647,
LT33333333333,"Adomas Urbonas",adomas@lrs.lt,831352244,"2021-10-05 17:00:00"
LT48310149912,"Lina Urboniene",kontrolis@gmail.com,86343344,"2021-10-14 16:00:00"
LT11111222222,"Olegas Fralkovas",oleg@fra.ru,2147483647,"2021-11-12 16:00:00"
LT55555555555,"Algimantas Urbonas",algis@basswim.lt,831353258,"2022-01-24 18:00:00"
LT11111111111,"Marius Narbutas",maras@gmail.com,831353555,"2022-02-02 16:45:00"
LT38403291194,"Andrius Urbonas",urbonas_andrius@yahoo.com,831353258,"2022-03-29 12:00:00"
LT54354354354,"Alvyra Azuolaityte",alvyra@gmail.com,2147483647,"2022-07-05 10:00:00"
LT00000000001,"Audrone Didziokiene",boba@atgimimo.lt,831351212,"2022-12-13 09:00:00"
LT77443322111,"Olegas Bogdanovas",oleg@muzika.lt,831355443,"2025-12-23 16:30:00"
